2;1;JOB_OPS;913532;OUTPUT_SIZE
11;END_JOB_BURST
1013;2;JOB_OPS;876152;OUTPUT_SIZE
1014;END_JOB_BURST
2024;3;JOB_OPS;877234;OUTPUT_SIZE
2033;END_JOB_BURST
3035;4;JOB_OPS;921205;OUTPUT_SIZE
3044;END_JOB_BURST
4046;5;JOB_OPS;918018;OUTPUT_SIZE
4055;END_JOB_BURST
5057;6;JOB_OPS;954759;OUTPUT_SIZE
5063;END_JOB_BURST
6066;7;JOB_OPS;921957;OUTPUT_SIZE
6067;END_JOB_BURST
7075;8;JOB_OPS;893059;OUTPUT_SIZE
7081;END_JOB_BURST
8082;9;JOB_OPS;851911;OUTPUT_SIZE
8087;END_JOB_BURST
9089;10;JOB_OPS;848595;OUTPUT_SIZE
9095;END_JOB_BURST
10099;11;JOB_OPS;918866;OUTPUT_SIZE
10102;END_JOB_BURST
11105;12;JOB_OPS;900412;OUTPUT_SIZE
11115;END_JOB_BURST
12117;13;JOB_OPS;901225;OUTPUT_SIZE
12126;END_JOB_BURST
13129;14;JOB_OPS;911949;OUTPUT_SIZE
13135;END_JOB_BURST
14137;15;JOB_OPS;901588;OUTPUT_SIZE
14140;END_JOB_BURST
15142;16;JOB_OPS;906338;OUTPUT_SIZE
15149;END_JOB_BURST
16151;17;JOB_OPS;848120;OUTPUT_SIZE
16158;END_JOB_BURST
17159;18;JOB_OPS;846371;OUTPUT_SIZE
17165;END_JOB_BURST
18168;19;JOB_OPS;807687;OUTPUT_SIZE
18174;END_JOB_BURST
19176;20;JOB_OPS;797516;OUTPUT_SIZE
19182;END_JOB_BURST
20184;21;JOB_OPS;832058;OUTPUT_SIZE
20191;END_JOB_BURST
21193;22;JOB_OPS;795426;OUTPUT_SIZE
21193;END_JOB_BURST
22196;23;JOB_OPS;753997;OUTPUT_SIZE
22202;END_JOB_BURST
23204;24;JOB_OPS;795368;OUTPUT_SIZE
23210;END_JOB_BURST
24213;25;JOB_OPS;873635;OUTPUT_SIZE
24219;END_JOB_BURST
25221;26;JOB_OPS;920306;OUTPUT_SIZE
25228;END_JOB_BURST
26231;27;JOB_OPS;914430;OUTPUT_SIZE
26237;END_JOB_BURST
27240;28;JOB_OPS;922230;OUTPUT_SIZE
27246;END_JOB_BURST
28248;29;JOB_OPS;889145;OUTPUT_SIZE
28255;END_JOB_BURST
29257;30;JOB_OPS;805008;OUTPUT_SIZE
29263;END_JOB_BURST
30266;31;JOB_OPS;885258;OUTPUT_SIZE
30272;END_JOB_BURST
31274;32;JOB_OPS;831285;OUTPUT_SIZE
31281;END_JOB_BURST
32283;33;JOB_OPS;818973;OUTPUT_SIZE
32290;END_JOB_BURST
33292;34;JOB_OPS;273856;OUTPUT_SIZE
