1;1;JOB_OPS;913532;OUTPUT_SIZE
5;END_JOB_BURST
1007;2;JOB_OPS;876152;OUTPUT_SIZE
1013;END_JOB_BURST
2015;3;JOB_OPS;877234;OUTPUT_SIZE
2020;END_JOB_BURST
3022;4;JOB_OPS;921205;OUTPUT_SIZE
3029;END_JOB_BURST
4031;5;JOB_OPS;918018;OUTPUT_SIZE
4037;END_JOB_BURST
5039;6;JOB_OPS;954759;OUTPUT_SIZE
5042;END_JOB_BURST
6044;7;JOB_OPS;921957;OUTPUT_SIZE
6050;END_JOB_BURST
7053;8;JOB_OPS;893059;OUTPUT_SIZE
7059;END_JOB_BURST
8062;9;JOB_OPS;851911;OUTPUT_SIZE
8069;END_JOB_BURST
9071;10;JOB_OPS;848595;OUTPUT_SIZE
9077;END_JOB_BURST
10080;11;JOB_OPS;918866;OUTPUT_SIZE
10088;END_JOB_BURST
11090;12;JOB_OPS;900412;OUTPUT_SIZE
11093;END_JOB_BURST
12094;13;JOB_OPS;901225;OUTPUT_SIZE
12100;END_JOB_BURST
13103;14;JOB_OPS;911949;OUTPUT_SIZE
13111;END_JOB_BURST
14114;15;JOB_OPS;901588;OUTPUT_SIZE
14124;END_JOB_BURST
15126;16;JOB_OPS;906338;OUTPUT_SIZE
15133;END_JOB_BURST
16135;17;JOB_OPS;848120;OUTPUT_SIZE
16141;END_JOB_BURST
17144;18;JOB_OPS;846371;OUTPUT_SIZE
17149;END_JOB_BURST
18151;19;JOB_OPS;807687;OUTPUT_SIZE
18159;END_JOB_BURST
19162;20;JOB_OPS;797516;OUTPUT_SIZE
19167;END_JOB_BURST
20170;21;JOB_OPS;832058;OUTPUT_SIZE
20175;END_JOB_BURST
21177;22;JOB_OPS;795426;OUTPUT_SIZE
21183;END_JOB_BURST
22185;23;JOB_OPS;753997;OUTPUT_SIZE
22193;END_JOB_BURST
23196;24;JOB_OPS;795368;OUTPUT_SIZE
23202;END_JOB_BURST
24203;25;JOB_OPS;873635;OUTPUT_SIZE
24208;END_JOB_BURST
25211;26;JOB_OPS;920306;OUTPUT_SIZE
25222;END_JOB_BURST
26224;27;JOB_OPS;914430;OUTPUT_SIZE
26232;END_JOB_BURST
27235;28;JOB_OPS;922230;OUTPUT_SIZE
27241;END_JOB_BURST
28244;29;JOB_OPS;889145;OUTPUT_SIZE
28251;END_JOB_BURST
29253;30;JOB_OPS;805008;OUTPUT_SIZE
29259;END_JOB_BURST
30261;31;JOB_OPS;885258;OUTPUT_SIZE
30267;END_JOB_BURST
31269;32;JOB_OPS;831285;OUTPUT_SIZE
31276;END_JOB_BURST
32277;33;JOB_OPS;818973;OUTPUT_SIZE
32284;END_JOB_BURST
33286;34;JOB_OPS;273856;OUTPUT_SIZE
